35;54
34;55
19;70
15;74
25;64
39;50
47;42
46;43
44;45
39;50
30;59
27;63
24;65
25;64
31;58
31;58
31;58
44;45
13;76
13;76
28;61
28;61
27;62
63;26
64;25
57;32
45;44
16;73
17;72
44;45
39;50
28;61
23;66
23;66
28;61
35;54
35;54
31;58
30;59
28;61
26;63
26;63
27;62
27;62
30;59
31;58
28;61
24;65
26;63
29;60
33;56
30;59
25;64
27;62
29;60
31;58
30;59
31;58
31;58
31;58
31;58
28;61
27;62
27;62
29;60
32;57
35;54
34;55
32;57
29;60
29;60
31;58
33;56
33;56
31;58
26;63
28;61
31;58
33;56
32;57
31;58
26;63
33;56
36;53
34;55
28;61
